Elektronik,ABCD11,active speaker1,1245566,POLITRONG
Elektronik,ABCD12,active speaker2,1245566,POLITRONG
Elektronik,ABCD13,active speaker3,1245566,POLITRONG
Elektronik,ABCD14,active speaker4,1245566,POLITRONG
Elektronik,ABCD15,active speaker5,1245566,POLITRONG
Elektronik,ABCD16,active speaker6,1245566,POLITRONG
Elektronik,ABCD17,active speaker7,1245566,POLITRONG


Elektronik,ABCD11,active speaker1,1245566,POLITRONG
Elektronik,ABCD21,active speaker2,1245566,POLITRONG
Elektronik,ABCD31,active speaker3,1245566,POLITRONG
Elektronik,ABCD41,active speaker4,1245566,POLITRONG
Elektronik,ABCD51,active speaker5,1245566,POLITRONG
Elektronik,ABCD61,active speaker6,1245566,POLITRONG
Elektronik,ABCD71,active speaker7,1245566,POLITRONG